Slowly adding some $FIO here but gotta be careful. This will be one of biggest winners in 2012,positive
$TRX http://stks.co/1KkK Long setup. MACD cross.,positive
I am not optimistic about $amzn both fundementals and charts look like poopoo this quarter.,negative
$GRPN might be selling off ahead of $P earnings...,negative
$IACI http://stks.co/tJU Looks good on the weekly chart.,positive
"$pcln back over ""up"" trendline from 10/4",positive
RT @robbieLOLZ $NFLX A close above here is looking good for the bulls. Will hold my positions to see where we close at. Keep buying here.,positive
Profit taking on $AAPL this morning?  That has to be the pressure on the stock.  I'm still bullish on $AAPL.,positive
$SKX turning. Coming from far could go far. Stock price implies you pay nothing for the business,positive
$MOS looking good here at $58.65. Calls are active in this month and weekly,positive
"Sold out $TZA 45 $PUT (down $1), which were hedging my 45 $CALL. Letting the calls ride solo now.",positive
$YMI http://stks.co/Xyf Long setup. Closed above the 20MA. MACD cross. November catalyst.,positive
$TZOO a close above 28.64 and we are ready to rock and roll,positive
"I'm liking the price action in $SWKS, currently @21.80 ; my target: 24.00+ before year end.",positive
$WFT closng higher from here,positive
$SPPI..building RS. Sweet. I want this to break a new 52week. The earnings growth justifies way higher,positive
$SPY bull move ended waiting for next setup,negative
Double bottom with handle buy point of 29.51 $IP http://chart.ly/akvujxh,positive
"$GLD http://stks.co/jr8 Daily chart - though RSI and Stoch. point at a possible move up, there's a lot of resistance.",positive
$ACOM http://stks.co/1G6x Downside breakout looks to be coming soon.,negative
$ZAGG getting ready...Target $15 plus on a close over $13.50 on better than avg daily Volume http://chart.ly/lha44tn,positive
volatility squeeze in $AAPL. I hope it gets resolved to the upside,positive
"Still short $LNG from $11.70 area...next stop could be down through $9.00. Someone slammed it hard with 230,000 shs this am! More to follow",negative
Covered my small $MWW short @ 7.99 for a .16 loss. Flat on the day. All cash now.,positive
That bearish outside day Tuesday is significant. 200 day resistance still intact. just my opinion $SDS http://chart.ly/2bey48t,negative
"RT FITZSTOCK2004: $IYT http://stks.co/1NBF the Transports always lead  the way, and  they broke DT  line  1st, MACD cross,  bull  flag=",positive
$DUG weekly stochastics finally starting to turn up after long consolidation. Buying here.,positive
$SPY Don't hang your bull hat yet. Next week we will pop higher on QE3 hope on back of fed's 2 day meeting.,positive
longed $AMZN 300 @ 189.82,positive
"$SLW is down, but weekly $34 calls (-28.95%), .23 x .25 have 321 volume. Worth a chance here, jmho: http://stks.co/1Qfg",positive
"$HSC Receives 7-Year, $50M Contract at New Saudi Arabian Steel Mill",positive
"Reuters: Green Mountain revenue misses, shares plunge http://stks.co/13mW > $GMCR prints 43.80, market in a foul mood, bad day to disappoint",negative
"$XLF http://stks.co/1KJ9 Bounced off target buy area, bought $skf as a hedge. watch 50ma's slope",negative
$vxx adding to position here !,positive
$GPS Gap September Comparable Store Sales -4%,negative
Double bottom with handle buy point of 56.49 $WMT http://chart.ly/ml857v3,positive
$MA http://stks.co/1CYN continues to consolidate / base here,positive
Nasdaq Sets Up for Breakout Part II | via @AllStarCharts http://stks.co/15Nv  $GOOG $AMZN $QCOM,positive
$isrg trading at all-time high after strong earnings report with 4 days of short interest.,positive
$UTSI http://stks.co/15uR Long setup. Reported very good earnings.,positive
Here come the shorts marchin' in.  $GMCR.  Lovin' it!,negative
$aapl news is becoming very bullish again http://stks.co/tMU,positive
stole my tweet. really wouldn't be surprised if we took out 423 and pinned around it RT @totalguru We could possibly even see425 today $AAPL,positive
"$DPZ broke out now of his bull flag channel and make new highs, but volume is very poor",positive
$ES_F. Nice little cup-and-handle shaping up on the 15-minute. End-of-day $SPY $SPX favours a good day for the index. Will we see a gap open,positive
Short more $FAZ for all who don't know that means markets will tank now :-p,negative
RT @alphatrends VMarkets Are Still Acting Weak http://stks.co/1agn  $SPY $QQQ $XLF $SMH $IWM,negative
"FBR Capital reiterated ""Outperform"" rating on $BRCM with a price target of $45.00 on Friday.",positive
$ELN longs...congrats...another HOD,positive
"Casinos red before the bell: $LVS -0.75%, $WYNN -0.47%, $WYNN -0.47% > unusual comibinations of what's running, what's red before the bell",negative
$TSPT  long 8.00,positive
$SKH http://stks.co/163e Long setup. Watch for continuation and volume expansion here. Hot sector.,positive
Looks like its booking a one way ticket to its 40 week MA near 50. Losing 10 week here $LULU http://chart.ly/7xb9h9b,positive
"RT @joemccann the correleation between the dollar index and $SPY is simply amazing. $DX finds support, $SPY retreats like clockwork",negative
$FIO won't stay down,positive
$AAPL http://stks.co/1LDx Clearing this descending trend line / buy area now,positive
$ROST Nov 90 calls 2.08 .. Go Long until exp imo ! Unless europeans keeps F'ing around !,positive
i-Grid shows $DIA capped for the long term at range of 123.40- 124.77;any rally beyond today's levels or into this range leads to meltdown.,negative
"Whats up with $LULU?  Numbers looked good, not great, but good.  I think conference call will instill confidence.",positive
"$ZSL looking very weak, could be a good short setup.",negative
"@Dlerch LOL! $FMCN back under $17, darn those shorts! No chit Sherlock!",negative
$mcp rolling over for a new intraday low. Bottom Pickers continue to get destroyed,negative
"ACE Limited, which has a 17 year dividend growth streak, plans a 33% dividend hike: http://stks.co/1BUE $ACE",positive
"$AAPL 50DMA turned up, MACD crossover a half-a-hair away on the weekly. EOD break out likely.",positive
$CIEN http://stks.co/dZU CIEN seems to have broken out of a major horizontal resistance. Targets $14.35.,positive
like $T for a breakout long as well. getting through the 100 and 200 MA could see it run.,positive
My $DWA play up 6% today. I'm still skeptical. Will take profits. Not a time cheer,negative
$IBM staying strong,positive
"$SINA even though the ""report"" is untrue and has been proven unture, the damage is done. No one wants to touch it now",negative
"$amzn 4 period RSI is down at 20, just read Connors book on trading strategies",positive
$SIGA Bid for Reargument Denied by Judge,negative
"RT @andrewnyquist Chartology: Yahoo: http://stks.co/1itr $YHOO  Crazy looking chart, but nearing breakout resistance line...",positive
$CERN - consolidating above 50 & 200 MA - nice long entry here w stop below 10 MA - targeting $70 area,positive
$SPY http://stks.co/1MiR We're holding above Wednesday and Thursday closes. I'm leaning bullish. Small postions. Waiting.,positive
$RDC Rowan Expands Share Repurchase Program to $150 million,positive
$NVDA sideways,neutral
$HITK  Resuming advance into new historical highs.,positive
Held its recent double bottom buy point of 56.57 almost to the penny today $WMT http://chart.ly/6nosp5q,positive
$GOOG breakout very likely medium target $700+ http://stks.co/1Lpz http://chart.ly/lgb94rr,positive
RT @Street_Insider The Steve Jobs Effect? Apple $AAPL First Day iPhone 4S Sales Were Off the Charts http://stks.co/YYe,positive
"that was quick, out $FIO 21.35, market tanking, scaling down longs now",negative
$SPY extreme win today - 2 cents above 2009  low on 10-year and $SPY up 2 percent - life is a bowl of cherries - great short setting up $$,negative
$LNT Increases Annual Dividend Target to $1.80/Share from $1.70/Share,positive
"RT @Cash_Cow $TLT still has a rising RSI & MACD, all this bond buying is signaling some bad moves for the market. $SPY $UUP",negative
$IDCC - $89 share total value of company after crunching #'s. The 4g technology is their diamond in the rough.,positive
$mako hanging in well today. still in a basing pattern. have eyes on it,positive
"RT @stockdemons think shorting here into close might be play, $SPY - high beta reversing..looks worth a shot",negative
$TZA is a rocket ship!!!,positive
"Lots of metal stocks look like a 5-10% run awaits. Long $SSRI,$PAAS and $NEM but most high quality names should go if metal prices cooperate",positive
$vxx starting to creep up while $spy sits near hod ...,positive
$AAPL I'm sure those short are holding their breath hoping for a miracle. lol,positive
VIVUS $VVUS bear raid in effect. Stock down 12%,negative
looks like a big feb 18-22 $put spread on $cree.  Last quarter 0% YoY rev growth trading @ 24x earnings.  I may try a short.,negative
$YELP wayyy overvalued right now IMO. Should be trading single digits. May take a short pos. into earnings. Near term target 18 ......,negative
$renn topping tail 5 min. chart at 7.31 short from here.,negative
$SPY weak close,negative
$ZNGA http://stks.co/3rdu Looking for a test at 9.25 resistance point. cc @ cfrazierjr @FletchTrade #traders,positive
$EFUT hod  posted buy pm at $4.40,positive
$AAPL short some 592.49,negative
"@SOULLOR the regular scrappy Q $SWY usually presents. Sales weak, margins down, debt still way up.",negative
"$AAPL Taking out the shorts here, a punishing reminder not to spear the  strongest in the herd.",positive
Think $FMS will challendge 200-EMA in not distant future.   Look at yesterday's volume,positive
"RT @Dasan @TMTanalyst ...since $AAPL mastered their supply chain // in cornering NAND, Apple mastered EVERYONE'S supply chain!",positive
$PRLB hanging tough in down market due to analyst upgrades last week. Up almost 3%.,positive
$AMRN It's accumulating. I think buy now or hold your peace. This should go up today/tomorrow.,positive
$AXP Looking for continuation with volume increase http://stks.co/c8sR,positive
MT @TheAcsMan Amazing seeing everyone suddenly touting $MSFT. Long been favorite covered call & double dip dividend play.,positive
Surprising to see $JWN and $SKS sales numbers still holding up so well. I guess the high end might not be a concern after all.,positive
"AP: Caterpillar posts 60 percent jump in 4Q profit on steep global sales increase, tops Wall St. view > $CAT",positive
$SPY Long 1/2 position 137.89,positive
$AAPL price momentum weakening going into the close.,negative
RT @ACInvestorBlog $AAPL still on track for $500,positive
$SPY $MITK fast 56pc dive http://stks.co/3ffN $$,negative
$BAC in for swing trade  looks like want go up,positive
$PCLN runs into the 50sma on the acquisition news,positive
$aapl short term fund/redemption liquidations.. Should have the channel cleared soon and on solid footing. $520 is new floor come July! :),negative
$WYNN big bounce,positive
$GLD http://stks.co/44ow On closer inspection.  Resistance 10 points north at 200d and downward trendline. Chart 2 of 2.,negative
$AAPL wants lower. up waves getting smaller on the 2 min,negative
Short interest increases yet again http://stks.co/e19h via @ryandetrick $SPY,negative
"$QCOR a little pullback is fine but if this erases all of todays gains, I cannot believe the manipulation its capable of",negative
$WMT BULLISH with MACD CROSSOVER with RSI and STO going up - above 73.4$ MA50 res. could run http://stks.co/gGCq,positive
Rival companies $GWR and WATCO eyeing $RA w take-over interest.  http://stks.co/o0xY,positive
$AAPL 620 resistance area,negative
what is up with $HK..... from Jan to now it's been a sinking ship...,negative
"$WGO's BoD was right to reject the offer. That company is low because of the economy, not because of any type of mismanagement or anything.",positive
I'm no professional ANAL-yst but I DO put my $ where my mouth is. $AAPL will do $575 b4 yr.endÃ¢â‚¬â€That's another hun from here.Long LEAPS =^.^=,positive
"$AAPL bounce right now has no vol, more vol when it slid",positive
"$LULU http://stks.co/o17i Bounced off support early in week - now indicators turning up (RSI, MACD, SMI) Worth a look",positive
$NIHD insiders got this one wrong. Looking for bottom. Rsi under 30,negative
$AAPL long 630.91,positive
"It's a bad idea to make 5 min predictions based on faith: RT @dandyduct $AAPL Sell signal hit at 584, it will go down for the next 5 min",negative
$KCG bot at 2.24,positive
$HZNP havent seen vol like this since the runup. lets see one more dip to 2.0x,negative
pretty steady accumulation off support today.  Purdy. $AGU,positive
Out of shorts $ALTR at 38.85 with loss,positive
"$GMCR with the way this has been acting, it may fall to 65 today, horrible action since it hit 70 yesterday",negative
$EBAY had a nice breakout of the recent consolidation. Congrats to those who had it. http://stks.co/2TAd,positive
"$SDS +1.46% 15.32, picking up some speed. May 16 calls now +35% .19: http://stks.co/3eiK, Next week $16 calls .11c: http://stks.co/3eiL",positive
"$AAPL AAPL: Gundlach Slams iPad mini, Sees Downside to $425. http://stks.co/bDqV",negative
$AAPL AUG 645 calls +550% .67c: http://stks.co/i9T3,positive
"Went long on this $COG, will see 70's again me thinks",positive
$AAPL nibbling on a small long via 525.. buying off 13min charts..,positive
Added. Cost now at 1.54. Bounce off of Put OI & S1 pivot. @moteltan BTO $AAPL Apr 27 2012 605.0 Calls @ 1.66 for ride to 609 ish.,positive
"$WAC trade continuing very nicely from yesterday, almost up $3 from yesterday entry, deal pricing tonight looking very strong here... $SPY",positive
Equity indexes working on a positive engulfing for March. $SML $RUT $IWC $SMH $SOX  Small-caps / semis with a fakeout before the b/out.,positive
$BONE Earnings Stocks Poised to Pop http://stks.co/2zWE,positive
$SONC Amazing run since middle of March - obvious that the quality/tastiness of their burgers is not being factored into this price advance,positive
$LEE http://stks.co/24kM LEE ready to exit bankruptcy. Strong volume today.,positive
$RCON some upside today. This thing is severe low float. If there is catalyst for this guy. It can run.,positive
$KITD Looking for a oversold bounce.,positive
$PPG Descending triangle but I am liking it for an upside break http://stks.co/o9nY,positive
$NSM ascending base breakout starting to gain traction; strong stock http://stks.co/gBSH,positive
$aapl.  Test the high today and probably go beyond after hours...,positive
Long $PCLN,positive
"$HLF shorts made a killing last couple days, might make more if cover and buy back?",negative
Multi Top on $MCD chart finally leads to a fall in price.  Stability is questioned in the stock but coming weeks will tell.,negative
$MFLX up  pre mkt. Looks like GAP has been filled....lookin 4 short opt here,negative
RT @jan $ARNA Don't think buyout rumor strong enough too be driving this up just yet...when it is this may fly like aapl...// fly how high?,negative
$AAPL Right back in ... - Buy the dips brought to you by CNBC. LOL,positive
$DMND green and moving,positive
$MTD (Mettler-Toledo) ready for a breakout,positive
$ACAD under $2 today?,negative
$amzn breaking,positive
$EA points to the two Facebook games and accuses $ZNGA of copyright infringement. http://stks.co/g3A1,negative
"$KGC http://stks.co/3Qta Oversold, falling wedge and positive divergence place it on the launch pad; looking for a bounce.",positive
RT @bman1 $LNG looks primed also $EGHT poised to run too...,positive
$AAPL broke descending channel....will it hold?,negative
$JNK http://stks.co/2Fcm Does not want to go down... risk appetite still high,positive
"PNC, Goldman Sachs Receive Dividend Hike Green Light (But Don't Act): http://stks.co/2pa7 $PNC $GS",positive
$AMD big dumping... would not touch it for a while,negative
$GNRC finding support at its 10-day line so far.,positive
"Loaded up on $bsx yesterday,looking good now. Still think way more upside than downside.",positive
"$QCOR Just added 3,000 shares @28.",positive
"RT @StockTwits RT @fallondpicks Breadth Consolidates: After weeks of steady gains,advances in mkt breadth slowe... http://stks.co/2TrG $QQQ",negative
$AAPL rejected the hod...should head lower. Sitting on the sidelines for now.,negative
"Google, Inc. completes acquisition of ICOA, Inc. http://stks.co/nFEI $ICOA $GOOG",positive
Amazon declares 'best ever' Black Friday and Cyber Monday for Kindle family http://stks.co/cEtw via Engadget $AMZN,positive
Long $VVUS shares as a call option w/ an expiration of..  umm.. TODAY.    Hitting HOD here.,positive
$ISR- @IsoRay Up 6% and high on volume http://stks.co/iFpo #biotech,positive
$FB Nice buyable intraday dip right here,positive
$LSCC Accumulation chart continues to make new highs showing accumulation continuing to take place http://stks.co/aDpO,positive
$SAVE breaking it's downtrend line on increasing volume. A move above 20.57 could see more upside. http://stks.co/l8y4,positive
$GOOG resistance turned support?  It,positive
$CRM Sep 40 calls are +35% since entry #BANG http://stks.co/deDm,positive
Current holdings via options - Long: $AAPL $V $GS $AET & Short: $VXX,positive
$AAPL I am big OUT from this. seems its falling towards 530.. :(,negative
$PKT Momentum building for breakout trigger ! Long setup http://stks.co/eXVU,positive
$NFLX VISION : short term consolidation then movement higher http://stks.co/j05uu,positive
$UUP at major resistance right now. Can go much higher if it can break above. May take several attempts - few days to a week,positive
$spy $vxx $aapl the parties over loaded on $uvxy volatility is back,negative
$brcm raises revenue forecast,positive
$BBRY bye bye Sammy. Hello BB. Sounds like we'll see some green tomorrow.,positive
$ASTX Daily technical indicators are bullish. Breakout watch over 4.58  http://stks.co/eOvw,positive
$EDU bouncing nicely after add-on (posted),positive
$YHOO A breakout above $29.83 would constitute a technical entry for the short term trader. http://stks.co/jkUF,positive
BULLISH Engulfing of COCA COLA: http://stks.co/fYCo $KO,positive
$IWM buy programs popping $iwm for close print cheap money means higher stock prices $spy robot buying,positive
"$JE LOOKS like we are bouncing.  Would be nice to finish over $6 today, and make the hammer.  Nice volume from 5.77 bottom.  Fingers crossed",positive
$XLB the weakest sector this year and possible false breakout  http://stks.co/dL1Z,negative
"$TYC just about to break out to new highs, lots of technicals looking great right now.",positive
"$AAPL at pivot area on intraday chart- break here could send this to 50-day SMA, 457.80 http://stks.co/jPbN",positive
"$BRK.B $SPY  All time high tomorrow? 150k on the A shares, Dec 13, 2007.",positive
$SPY wouldn't be surprised to see a green close,positive
@Vegastrader66 Looks like good entry for $QIHU here.,positive
$INO back in this am small post,positive
"@harmongreg: $BBRY wkly, Inverse Head and Shoulders forming, triggers over 18.50, PO at least 30.80, watching http://stks.co/iPVJ",positive
$LINE biggies must be loading up here at lows..,positive
$GS is looking weak while this market is moving higher not a good sign. Unless $gs can get above 157. early short below 154.00 today.,negative
Key level to watch in $FB for today is 25.53-- watching to see if it can hold as support http://stks.co/bOH4,negative
"$YNDX and the price of some stocks was 2 times lower then annual earnings, I could not resist, I  was buying when everyone was selling",positive
"Red Daily Triangle on $SHOR,...Scaling Up on Long Position http://stks.co/r82S",positive
@Megaas2000 $AAPL McDonalds had a big GROWING success for years with the same BigMac and Apple update and improbe Iphone and Ipad,positive
EA Launches Origin Online Game Distribution for Mac http://stks.co/aKTU via MacRumors $EA,positive
$ETN UPGRADE today by MS to overweight.  Excellent company and leadership,positive
"$AAPL double bottom could be in, keep in mind",positive
@Joerazorback This time I think $AAPL will miss again. Generally speaking market is near top when everyone thinks that market goes only up,negative
"$amrn Full bull call spread ranging July to Jan 15. Lets see what this baby does,",positive
$FB Dax says bye bye 2013 - finished a great yr w 28% plus!,positive
@CH_Roark: $UNXL I like this Ascending Triangle on the 30-minute chart. Breakout coming Monday! http://stks.co/aT3GLooks promising.,positive
"@StockTwits: @Kbkiwi: $TSLA Tesla Model S sales exceed target, profitability guidance amended upward: http://stks.co/jQ0w""""",positive
"Long Position on $GOL,...Updating http://stks.co/fdmm",positive
$SMH got a sell signal on 6/4 and needs to take out 39.28 to go higher otherwise headed lower than 37.60 gap below at 35.38,negative
$OSUR up 33% since 6/25 buy signal. resistance 5.33 - expect 1. pullback 2nd half of day or 2. break abov 5.33 & continue rally for 4-5 days,positive
$SPY Could the pride of social media be gettin ready to fall?  $FB - chart rolling over?,negative
$NFLX +3% of the lows,positive
$SBUX getting sold here.,negative
$PG Ackman making the big added efficiency argument. betting on operational imporvement in a huge conglomerate can go either way imo.,positive
$RIMM $spx $nya $compq $djia all going down,negative
"@IfHeDiesHeDies: @Bullhorn334: $ZNGA shorts are getting nervous""""",positive
$ocn has the stuff. Will be looking to add shares if we get a new high breakout.,positive
$BBRY hearing rumours of a major joint venture announcement.,positive
$AAPL Good time to buy. Will the run come before earnings or after?,positive
"$QIHU totally missed this one, was about to jump in on that 60 break test but didn't, congrats shorts",negative
$UVXY Put the chum out there at key support then next level down - careful,negative
Entering long Lockheed Martin $LMT at Thursday's open. http://stks.co/eXtA,positive
@catskillfishing  Note the monthly chart of $GDX & how it recaptured support. $GLD possible double bottom set up. http://stks.co/aw6z,positive
"Key price to watch in $NFLX, off the previous double top reject, 218.23 http://stks.co/sIYn",negative
$SPY Tomorrow party time for the Bears!! $GOOG and $MSFT -5.5%,negative
"$SLV -4.44% at 18 now AWFUL, down from 42.50",negative
$SPY c'mon bulls buy DIPS!,positive
@gakrum nice chart shows distinctive down channel not a dip.. where do you see the bottom? $SPY ..$150? ..$130?,negative
$DXCM - Making higher highs & higher lows as it consolidates over past several weeks. 26.70 was all time high (2006).,positive
"#Apple breaks major support, here are some levels to watch - http://stks.co/jRmW $AAPL $QQQ",negative
$CRUS Upgraded to a buy by Alpha Street Research,positive
"$NFLX small pos, short 180 wkly puts.",negative
$TSLA I see more downside in next two weeks be careful -20 dollars drop potential vs +10 up moved,negative
$FB Big Money Is Pouring Into Facebook From All Directions;http://stks.co/sOwG,positive
$LULU #Outlook #Q1 2013 #lost revenue in the range of $12 million to $17 million -not good,negative
@Dojiknows th SP and the potential of QNX BES10 and BBM  cross platform will bring good news in time $bbry,positive
$NUGT longer term bullish,positive
"2nd raise this year.  ""@BVHealthcare: $QCOR Questcor Increases Quarterly Cash Dividend 20 Percent.. http://stks.co/goan""",positive
$PAY 2nd time test of the 21.20-30 b/o zone.  Still not breaking out.  Moved my stop up to 20.80.,positive
$SPY  still wants higher I think.,positive
$BBRY lets see 14+ today,positive
$DCTH Near HOD,positive
$MSFT SQL Server revenue grew double-digit with SQL Server Premium revenue growing over 30% http://stks.co/ir2F,positive
$GTE LONG at 7.44,positive
$DARA breaking out,positive
$TSLA gyrating @ S1 above gap. keeping an eye on S2 http://stks.co/jQfB,positive
"$CNP Sell Short Position on CNP,...Closed for Profit $ 59,367.00 (7.75%) http://stks.co/ghjc",positive
$BBRY Actually lost .03c per share if U incl VZ as no debt and 3.1 in Cash.,negative
$BBRY nice bounce,positive
"$DNN picked some up, like this going into 2014",positive
$NUGT Gold above 1400...wow,positive
$BBRY Ready for Take OFF!,positive
$VOLC THIS STOCK HAS A VERY VERY VERY VERY VERY HIGH PROBABILITY OF RALLYING TOMORROW AND/OR EARLY NEXT WEEK,positive
"$YOKU high volume blast off Friday, goes higher  http://stks.co/qSaL",positive
$aapl key is to breakout above 460 on solid volume or else it's a no trade for now,positive
$spy bumping its head on declining daily 8ma as overhead resistance. Then the big brother 50ma just above that.,negative
"Long Position on $IP,....Scaling UP http://stks.co/sIln",positive
$FB churning in high volume @ IPO price. Lot's of sellers trying to get out. Might take a while here to consolidate before moving higher.,negative
The Boeing Company (NYSE:BA) Bearish Trader bets $550K that Stock Will Sell Off 9.79% by July Expiry $BA http://stks.co/tCSE,negative
"$TXRH reports Q1 EPS of $0.37 versus the estimated $0.35, beating by $0.02. EPS were Up 19% from the same quarter last year.",positive
"$AAPL is now beaten down, hated, etc. / hhhmm opposite of 700> what happens next?",negative
@asdfLLC. Nice pop today. Told ya we would be green haha. Funny you bring that up. I'm actually working on a story about $NOK at the moment,positive
$AMCN pushing highs,positive
@pierrules: $SIRI LONG!!,positive
$FB SHIFTING ON THE 15 MINUTE HERE - SUSPECT TO TAKE HIGHS,positive
$AMRN You can many times find top and bottoms when shorts start rejoicing or bulls start rejoicing. Currently it is the shorts rejoicing,negative
"$CNDO 21% short float, shorts likely to take profits into close",negative
$RNN staying above the open a very good sign!!!,positive
Watch these bancos.they're holding up relatively well compared to the broad market $XLF $BAC $GS $C <--large C buying in $BAC in backburner,positive
$CAT is hangin on my a thread. 1click away from a cliff drop.. Needs follow through (or snap-back on the VIX),negative
$PRGN A bottom right here?,positive
"$SPY Less than 0.2% down and people are calling it bearish. Some heading for exits already. Maybe 1% down will be ""the crash""? Disturbing!",negative
"$P bull flag on the daily, earnings on the table tomorrow +/-12 move.Will straddle this one into earnings..lots of vol guaranteed here",positive
$AAPL Action into the close indicates that $AAPL probably hit a near term high.  Momentum slowing after a huge run.,positive
$V A potential bearish shark pattern if point B $226 to be taken out. http://stks.co/i0GGH,negative
$AMZN Trailing 12 months operating cash flow rose 48% to $4.98 billion & free cash flow decreased 63% to $388 million http://stks.co/c06zG,negative
"$RNN day traders flushed out, it should start going up slowly from now on .",positive
@chessNwine: $IWM 30-Minute Chart. Small caps threatening descending triangle breakdown under $110.20.  http://stks.co/r0KKm,negative
$YELP This goes green and so many shorts are toast!,positive
RT @tomhend777 $MU needs to hold here -Broken for now. Needs big flush. Still not technically oversold so now big bounce yet,negative
$AMRN Got sell signal 7/1/14 still in force with target below 1.50,negative
"$SLV POS, been saying it for 2 years. Going lower. Forget about it or go short.",negative
New recommendation from Carl Kirst of BMO Capital Markets for $WMB is BUY.Price target is $62:http://stks.co/t0S0r,positive
$DNKN $KKD $DPZ $LOCO Inside week buy triggers. http://stks.co/h0vV8  http://stks.co/r0ebN,positive
"$RIG whos ever pushing this is crazy, get ready for suspended dividend (turning into growth stock) blow out earnings, and major buyback, lol",negative
$AAPL Nice RSI 33 bounce at 9:58,positive
"$AXDX I got bored, and took my proprietary profit exit. I didn't like the option liquidity and lousy spreads.",negative
$NFLX Easy pop to 500$ by end of feb.. Then steady as she goes for 600 into second earnings report..800$ year end no matter what,positive
$IWM relative weakness is pretty apparent but the short boat is getting full on this one. I prefer the boat closer to empty.,negative
@saltwaternurse $INO can test 10 again in next few days. time to take some profits here. or hedge with puts.,negative
"@Stockoptionexpert: $MAT - 6%, big trader added 10000 April put contracts 3 days ago  http://stks.co/c1Ols",negative
$FTI Breakout today after reporting earnings last night,positive
"$KO had missed earnings expectations for the last two quarters, so todayâ€™s strong results came as a major surprise http://stks.co/d0RHF",positive
$COH Gaining Momentum! Nice buy signals here! Long Over $35.92 http://stks.co/t0tAh,positive
$BABA may take a few days wks months watch what happened to $FB $TWTR after they IPO. mrkt needs to washout. to hunt well need 2 wait stalk.,negative
$RAD All my charts are flashing oversold.,negative
$RSOL bought 3500 shares today!,positive
$ARIA This is the reason why shorts don't show up...long steady small climbs. The best way to accrue value. IMO,positive
$CAMT Looks like might break down. I'm out,negative
$ATHN Seems like a good short setup. Stop above the 50 day. No position.,negative
$KIOR My god. Market getting crushed today. Gotta hold if anything g should recover some tomorrow I imagine.,negative
$AAPL  downgrade is bias. This stock is a buy.,positive
LinkedIn Revenue Up Nearly 50% http://stks.co/g1F4T  $LNKD,positive
$PLUG bear raid,negative
$GPRO down 25% since Tue morning.,negative
$ROST Ross Stores Upgraded to Outperform at RBC Capital Markets http://stks.co/j0Q9t,positive
$ARIA Bounce Player! Long above $6.17 http://stks.co/q0WfF,positive
"$TSLA looking good..i'd love to see a basing action here, letting the RSI take a breather. http://stks.co/g1T7c",positive
$RAD I would consider this opportunity to add my position because the company is on the right track they are still improving sales...,positive
$GTAT Will re-enter short on bounce...,negative
$TROW Ascending triangle gives a bullish bias to this chart. Breakout above 84 will be positive http://stks.co/g0ls5,positive
$AEGN MACD and ADX are crossing over the signal lines! Long Setup http://stks.co/qzzx,positive
what #stocks large players are selling http://stks.co/t0Vel $CROX $GOGO $INO,negative
$RNN More bleeding Monday.,negative
$PLUG Closed short position. Small gain. Not interested in options expiring worthless,positive
$UBNT still having some trouble at the resistance line. Should resolve soon.@cheri1 @strattonite   http://stks.co/c0sU4,positive
$TWTR The best scenario going forward is this stock slowly falling everyday....Which is quite probable...,negative
$MXWL Oh snap. Just went long again. LT,positive
$HRL ready to pop! http://stks.co/s0Ny4,positive
Just stumbled upon this amazing chart - $OFIX - holy guac. SUPER overbought. http://stks.co/e0PX1,negative
$FB i guess they want it down look at the those sell orders,negative
@ACInvestorBlog: $SPY eod run :),positive
Phew! So far good $BBRY did not break 10.40 coz I was told that is key support level.,positive
$Oil slid to a four-year low after #OPEC kept its oil production unchanged  http://stks.co/a1IX4 $USO $WTI $Brent,negative
$CDTI bounce here on support or H&S setup this area is very important for bulls to not lose http://stks.co/c0mf3,positive
$LNKD Daily Phase 2 retest - Price experiencing early rejection. Can it retest? http://stks.co/t04xX,negative
3-star analyst Joe Wittine from Longbow Research reiterated a HOLD rating on $NTAP.,positive
$GOOG Testing the 200 day after some consolidation http://stks.co/h0cPJ,positive
Walter Investment Management Corp Receives a Sell from Compass Point $WAC http://stks.co/c1IvX,negative
"So as of today's close (8/15/14), I'm long $TSLA $AMTD $TWTR $FB $AAPL $CELG - all on a longer-term, technical swing long basis.",positive
"$HAL If bulls lucky enuff to get an upside gap fill, better take it. Wouldn't chase it here. http://stks.co/r12Us",positive
@1nvestor: $SODA has a 42.71% Float Short. LoL  http://stks.co/e0DfP,negative
"@BrooklynBandit: $SIMO Basing nice. A close over 24.18 is bullish $QQQ $SPY $STUDY watch for a close near HOD. Currently up +3%"" up +5%",positive
$KEP breaking out when the market pulls back  http://stks.co/r0cet,positive
$VIPS similar pattern like beginning of May. Did u sell? Same now..will go up much higher after this drop.,positive
"@Binkster69 Not that. it's just ER's lol. But looking at the correlation of $ARIA and foreign price charts, they are all poised to breakout.",positive
$GDX $GDXJ $JNUG - strong move today for the Junior Gold Miners - keep an EYE out for a gap fill -,positive
@BULLYA @pollux654321 My 50 $KORS 80 Calls are going to b a Blessing for my Daughters tuition!,positive
$FB they are hitting  everything in sight.short it. but twtr,negative
$TSLA You have to love these types of articles. SS interest rose on 12/15 on day before we hit our lows. http://stks.co/c1QKr,negative
"$KNDI Let's see some higher highs and higher lows rest of the day , slow and steady",positive
"$IFF technical alerts: Stochastic Sell Signal, 200 DMA Support, and 50 DMA Support  http://stks.co/p12QY",negative
"$INO Up, up, and away!",positive
$BOBE down $2.84  premarket,negative
$CHRM Loooooongggggg base,positive
$NQ got hit hard lower this AM --> looks like it has found support a 18.89 http://stks.co/s052z,negative
$RSH - looking for first profitable quarter in 3 years!!!  ;).  LONG & STRONG,positive
$GS sells flat..I am out..,negative
Synergy Pharma Soars 67% Today On Positive Phase 3 Results $SGYP http://stks.co/j2awg,positive
NaturalGas Settles At 3-year Low $DBO $BNO  http://stks.co/d27qX,negative
$WX Decent pull back . .,negative
"09:01 AM      $AKS  DJ AK Steel Revenue Rises 36% on Auto Sector Demand, Acquisition",positive
$BBRY both 1m/6m trends turn bullish today with a resistance level at $11.31. http://stks.co/j1qt6,positive
Long $GPRO for a brealout trade,positive
$UGAZ Will this cold put a dent in the massive horizontal rig production. Who knows  http://stks.co/p1V6P,negative
$ISRG - ISRG Short - http://stks.co/f1vVU http://stks.co/c1qrm,negative
"$HPQ Says Breakup Will Cost Billions, but Sees Savings Too http://stks.co/p27hZ",negative
@Renatta @Fr0van @kjepeneter @RPTL  Strong close 4 $PLNR  coming,positive
Buyback not trending right ( $CPIX spending more as shares pricier). Hopefully will pull back w 6.87 Q2 closing VWAP,negative
"$GILD Sandbagged the guidance so the can use that last 3 billion up.  CC was cautiously optimistic, wait til Next ER for confirmation",negative
End Of Day Scan: Stochastic Overbought $JDST $FREE $BLRX $LPG $AFSI $DVAX $HDGE $AHT $ALR $ASMB  www.dailystockplays.com,negative
$YANG Double bottom 5.2,positive
$HYG Potential continuation Uptrend on a 60'-15'-4' charts http://stks.co/t1Qp6,positive
$CYTX looks like an ascending channel on Finfiz http://stks.co/f26r4,positive
$AAPL Now I'm glad I got stopped out of my $113 weeklies when I did. Will re-enter next Monday for the #earnings run-up.,positive
"$WFM Bought a little yesterday, hoping for an earnings pop.",positive
EUR/USD Finding Support Near 1.10 Level $ERO $UUP $UDN $FXE  http://stks.co/b29eU,positive
$IBIO  up 10% in premarket ready for lift off,positive
"RECAP: $MSFT rumor this morning had them spinning off XBOX unit, stock grinds up all day to close on highs",positive
"$AAPL AAPL finally breaking under the 49 M.A.. With no buybacks this week, look for AAPL to test the 120 support area.",negative
"$DGI technical alerts: Gilligan's Island Buy Setup, Stochastic Buy Signal, Lizard Bullish, Hammer Candlestick, Wid... http://stks.co/c29Nu",positive
$LUV Continues to consolidate above previous break out area...,positive
$REN bottoming out again.. Good time to buy,positive
$GOOGL Hit With Lawsuit from Russian Search Engine $YNDX http://stks.co/b1kD8,negative
$AAPL at resistance right here...sold my shares...will buy back if it dips or if it goes in the 128 gap zone,negative
$GALE Breakout Coming Soon!,positive
"$RUSS Don't catch falling knives, but I think an entry is coming soon on this",positive
$AAPL $131 rally mode,positive
$MPWR CEO sells 450k april 15th..meh,negative
"Homebuilders - $RYL breaking below support, watch this one.  $SPY",negative
$AAPL afternoon selloff as usual will be brutal. get ready to lose a ton of money.,negative
$AMZN Going thru the roof needs a sell!,positive
"$ESI on lows, down $1.50 to $2.50 BK a real possibility",negative
Short on $ATVI from 24.55.,negative
End Of Day Scan: Bullish MA  Crossovers $BBVA $PDS $NTLS $NGL $SBRCY $FGL $MTNOY $TTT  www.dailystockplays.com,positive
"@louiebeene vwap is 1.63, held the trend line. Should be on a LOT of radars. $NAVB",positive
$NEON oversold,positive
"$SSYS just re-tested lows . Should rise steadily from here. It hit $81 just 21 trading days ago, and $130.86 on Sept 18. It'll do it again.",positive
"$KNDI Break that HOD on volume, and we have a nice consolidation completed for another run.",positive
$INVE : SEE YA ABOVE $8,positive
$BXS: BancorpSouth Announces Extension of Merger Agreements with ... http://stks.co/s2PDF,positive
"Maglan Capital Up +20.84% In February, Long Fairpoint  http://stks.co/s1eQc $$ $FRP",positive
Exact (EXAS) Flagged As Strong On High Volume $EXAS http://stks.co/r26Ra,positive
$BIOC RSI extremely in long's favor looking at BIOC historically.,positive
$TNH Looks like an explosive setup if it can break the 20EMA and 105 level http://stks.co/b1SVH,positive
$VMW  Got a nice push today following small sweepers of May C this morning,positive
$DDD 3D Systems (DDD) Stock Receives Ratings Downgrade Today at Jefferies http://stks.co/g1cqd,negative
$AAPL Dips being bought up real quick. Higher lows fo sho,positive
Long $X 24.62,positive
$NKE gapping up to all time highs http://stks.co/q1jAu #tradeideas http://stks.co/r1j6c,positive
@Intuitiv $CLNE gasoline prices spike in California. http://stks.co/t1bOi,positive
ESPN Files Lawsuit Against Verizon - http://stks.co/i2Cj1 $VZ,negative
$AVGO great growth stk &  also raised dividend . clearly a great investment http://stks.co/r2F3h,positive
"$RXII Tang really is toxic, they keep bringing the share price down. At least they could let it climb a little before dragging it down.",negative
$AAPL near a 3% drop thats a lot... now the best i can do is HOLD ER lol,negative
$HCP Come to the party and buy this -gonna give solid gains and a dividend $$$$$$,positive
"$ONTY Continues to base as debate lingers. ONT-10 data next potential catalyst. If positive, stock quickly moves to $10. Downside limited.",positive
$SPY Looks like bear traps getting laid faster than Cadbury Creme Eggs by the Easter Bunny,positive
$BBRY Sierra. Has a great cash balance and impressive growth rate.Would be a wonderful marriage!,positive
$IWM same conditions that sent markets to tumble all hitting this week,negative
$CRK time to accumulate for a long position with far more upside than downside,positive
$BWLD bearish engulfing candle,negative
for @vnoto74 to follow:  after a SELL signal by $NDX internals [06/23] ~> technical SELL $QQQ [06/25] ~> DOWN,negative
$AWR Standard & Poor's Affirms 'A+' Credit Rating at American States Water Company and Golden State Water Company http://stks.co/f2P94,positive
$FREE Ha Heeeeeere comes the pump! So glad I picked up 9K end of day! Get ready for the bull ride!,positive
$NUAN held up well after the big gains! Maybe we're finally on the move on this!!its still very undervalued and has major upside,positive
Why $MCD looks set to fall further. http://stks.co/f2fgj,negative
@technik I still have a smaller $GILD pos. Being very tender with cash due to volatility. So reluctant to keep many big positions.,positive
$FB bot some @78.47 breakout from the consolidation zone :D,positive
$XLI Potential intermediate top in an Uptrend on a 60'-15'-4' charts http://stks.co/j1TdF,positive
$TWTR sad the only thing to move this is a takeover rumor only to be sold off next day !,negative
"$VRTX Vertex. Monthly -lower hi/lower lo,  Long term uptrend intract so far",positive
$GEVO PLUNGING!  Back to $3.55.,negative
energy still failing to close above the 10D MA.  continues to stand out weak $XLE,negative
$ENB.CA {Head&Shoulders} bullish reversal setup and breakout. Oil and Gas Pipleline stock. $USO,positive
"$IMRS - it's important to be pragmatic in analysis...high prices could offer head-winds....bullish story intact,evenif the market rolls over",positive
Micron Shares Pounded On Fears Of Loss Of Business From Apple; Stifel Defends $AAPL $MU http://stks.co/t1Z8T @Marjo,negative
"$CHKP ABC Bullish Pattern, Targets https://t.co/uVMmRSR5Zy",positive
$TSLA is now up 57% from its February low. Amazing rebound.,positive
$SBUX downgraded to neutral at Deutsche Bank. Price target reduced to $64 from $70.,negative
"Micron Technology Inc #NASDAQ: $MU down 2.3% today and down 8.9% since being put on ""The Short"" https://t.co/EQQLTfUiOU",negative
$YHOO About to break out on the 5-min...,positive
$GILD 91 now support. $IBB $BIB https://t.co/GIoOf6zbKv,positive
$FB down 7.5% from this #bearish pattern.  Considering the #bullish sentiment - That's an impressive bearish move https://t.co/TaJF0cH2qh,negative
$SAVE long. https://t.co/yEJuS9cMlC,positive
@mugatushair Now it is time to short $TSLA,negative
$COST Costco less than stellar day but it held the 50 day moving average,negative
"$AGN and $PYPL under pressure along with the market, however there were bullish options trades in both this morning https://t.co/9xG5W8nONT",positive
Costco: A Premier Retail Dividend Play https://t.co/Fa5cnh2t0t $COST,positive
$INTC finally some nice downside move... looking for the 31 handle to break,negative
"$YHOO fishy action. New party interested (DailyMail) bounce & retreats. Not short by any means, but action questions big up move. Thoughts?",negative
"Sheryl Sandberg Sells 109,000 Shares of Facebook Inc $FB Stock https://t.co/3vXT7AMnpk via @RatingsNetwork",negative
Amazon has been selling surveillance cameras infected with malware $AMZN #Amazon  https://t.co/TohLEQ8FK6 https://t.co/5PR4cBtVVy,negative
"$TSLA 5th wave down on the 1 hour chart, hammer candle developing, close to 200 sma, might be a good spot for calls",positive
Baird Upgrades Tesla Motors $TSLA to Outperform https://t.co/1FA6aTOqlw,positive
$ilmn piper Jeffries raises pt.  I remain long,positive
"@HopeTurock yes, the expectations of a deal are somewhat priced in but we could see a nice pop if bids come in higher than expected... $YHOO",positive
I don't see it. 200 day sma is the big hurdle. There is a good base building. $NFLX  https://t.co/ImKYGO2cyc,positive
Daily Mail parent company in talks with potential partners about joint bid for Yahoo's internet assets: https://t.co/mK7MEMtADT $YHOO,positive
expecting  $SPY to close above 205.20 $AAPL,positive
"$FB trending nicely, intraday.",positive
Starbucks' Digital Strategy To Drive Significant Growth With Customer Loyalty $SBUX https://t.co/Xk6lZ3UI3K,positive
"$QCOM chart: Qualcomm Short 61.8% Retracement, Trendline and Resistance. https://t.co/2WQqh35KOY",negative
"$INTU is in the process of streamlining its structure, especially through divestment of non-core businesses   https://t.co/dR5baNun2u",positive
"$TSLA steaming up again, this stock is relentless at the moment",positive
.@barronsonline sees #Apple at $150/share in a year (+36% from today) on growing services business. $AAPL https://t.co/3BDNEKN7l1,positive
Adobe Receives New Rating from Top Analyst $ADBE https://t.co/LJNXPEvHZN,positive
Activision Blizzard Media Networks Announces Record #Esports Viewership https://t.co/729BiqLbtK $ATVI partnered with $HDSI for 9 #tournament,positive
"Also, BMO had just initiated $incy with an outperform yesterday, while several other firms all reiterated buy ratings.",positive
@REC_Zakaria Monday Bulls Are Out! Stock Ticker- Michael James Ent. Other picks $SBUX $GVP $NKE,positive
#Tesla: Model X Recall Adds To Reliability Issues $TSLA https://t.co/jVXQ4DoXnP,negative
Microsoft joins the open-source Eclipse Foundation https://t.co/z8G5cZaKeU focus on collaboration & open business is a smart strategy! $MSFT,positive
"Sudden optimism about iPhone sales (i.e., not as bad as expected) gives Apple $AAPL a lift.  https://t.co/oKTCw4YiB5",positive
$NFLX +1% $104.80 LONG streaming services rapidly outpacing traditional cable,positive
Infection worries prompt regulatory reviews of Gilead leukaemia drug $GILD https://t.co/H9vqXpZ15G via @YahooFinance,negative
Preparing for a Breakout Trade in Netflix $NFLX  https://t.co/CzHIX3tuAG $$ https://t.co/z1qb9xa4LD,positive
"$CTRP just broke resistance, watching for a #redtogreen #breakout right out of the gate tomorrow morning. #stocks https://t.co/8VXFUUIt04",positive
Deutsche Bank cuts $SBUX,negative
"Fastenal misses by $0.01, misses on revenue $FAST #NYSE https://t.co/63JHQ7pwMN",negative
$TSLA recall,negative
Piper upgrades Symantec on improving renewal rates and enterprise growth $SYMC,positive
#FusionIQ NEW Positive Timing Signal on $SBUX Today https://t.co/9ImlXz4YNa Please Retweet #Signals,positive
#LongPos $TSLA 256 Break-out thru 50 & 200- DMA (197-230) upper head res (274-279) Short squeeze in progress Nr term obj: 310 Stop loss:239,positive
Starbucks' Digital Strategy To Drive Significant Growth With Customer Loyalty https://t.co/9Q7cI79IYO $SBUX,positive
Apple: Another attempt to break out on Apple but with weak PVT   $AAPL #Trading #investing #aapl https://t.co/DNh7Hgv22V,positive
$ISRG Break out confirmed. Bought Leaps. Good trading!,positive
"@sharkbiotech If anyone is selling/shorting $AGN b/c you believe $ENDP rumors to be realistic, then I'll take the other side of that trade",positive
$FB & $TSLA cracking lower early. $short #correction #stocks,negative
Today I bought more $MU $YHOO $VALE $NBL $TWTR $AXP $ZNGA https://t.co/Vt6T5Zp2is,positive
Hard to find new buyers of $TSLA at 250.  Shorts continue to pile in.,negative
"$AMZN trades in mid to upper range. No break out yet, either direction",positive
$TSLA announces a recall and the stock doesn't sell off. This stock is teflon. Won't last forever.,positive
$NFLX and $TSLA making all kinds of gains ðŸ“ˆ,positive
"@TraceyRyniec not just energy, it's so broad. You will see it in WWG and Kaman as well. I'd be short $fast",negative
$AAPL Goldman Sachs reiterates conviction buy on Apple with a $155 PT $SPY $DJIA $GS https://t.co/h5hmXSITwM,positive
Tesla issues its first Model X recall https://t.co/t1kMqVwhQQ $TSLA,negative
$ENDP being sued by FTC.....nobody will buy them with that hanging over their heads,negative
$TSLA weakest in todays DT watchlist,negative
"$TSLA on fire, what is that 6 up days in a row. Someone neeeeds!! in",positive
$GILD chart: With $IBB back over support. https://t.co/GpRZ2UJFC4,positive
"$KNDI #China #ElectricCar maker. China car sales +7.8%. Also, may feed off $TSLA momentum run lately.",positive
"took some $ENDP long this am, using VWAP as guide",positive
"maybe closing all those $AAPL calls i had this morning was a bad idea, money left on the table...",positive
$AAPL weekly still under the 50 moving average and creating a lower high. https://t.co/vT7ppzY2UY,negative
"Intuitive Surgical $ISRG is in a great financial position, take a look https://t.co/VahhJAcBFG https://t.co/24hQTQX4ou",positive
$NFLX I say it's time to short at this point.,negative
$TSLA upgraded to Buy @ Argus w/ $333 PT - you'd almost think after ~100pt run in 5 weeks this would be the sell signal,positive
$FB slight green... May be runner later,positive
"$AAPL Stock Climbs as Barron's Sees 40% Upside, Jim Cramer's Take  https://t.co/lKlD9mVKBQ",positive
"Tesla to recall 2,700 Model X SUVs over seat issue https://t.co/OdPraN59Xq $TSLA https://t.co/xvn4blIwpy https://t.co/ThfvWTnRPs",negative
Juniper tumbles on Q1 warning; Cisco also lower $JNPR $CSCO https://t.co/bGvIntk43h,negative
"$ATVI ooks pretty bullish for now. from a short-term perspective, it's got a good chance of maybe sliding back to 33.70 #stocks #investing",positive
$CTRP  breaking out here on good vol and a parser buy signal  ..noticed this on bob langs comments looking for 48 fast,positive
"78 users on Vetr are bearish on Tesla Motors, Inc., indicating a SELL Rating (2 stars) for $TSLA https://t.co/vVpzqCXsNJ",negative
4 beaten-down Internet companies that may be ripe for a #takeover target: #Twitter $TWTR - #LinkedIn $LNKD - #Yahoo! $YHOO - #Groupon $GRPN,positive
"$STX long play, another consistent profit zone.. check it out https://t.co/DQfuzOzYlh https://t.co/ggne4ayzqn",positive
"$FB trend, hits mid 110's and drops",negative
$PCLN Trying to break daily trend line! Big move could happen https://t.co/gY0aDb2jsQ https://t.co/KPBBCgQ2xy,positive
$FB I've been dead on so far. Such a bloated valuation. https://t.co/czCf8Kbrlt,negative
$TSLA recall model X https://t.co/b7izYa4BuE,negative
"$TSLA Recalls 2,700 Model X Vehicles; Shares Volatile https://t.co/tcKqZnMIqX #TSLA #tech #stockmarket https://t.co/FeMhJtAmQj",negative
Breaking: Tesla recalls all Model X cars  .. details on show now $TSLA,negative
"$QCOM The indicator RSI is over 50, which stands at 56.1, an upward movement is expected. https://t.co/yfa9jcUsQa",positive
Supermarket Stocks Rally as Tesco Plans to Axe Non-core UK Assets $TSCO https://t.co/BmvhcrwREA,positive
$TRIP maintains Neutral rating at JP Morgan- PT cut $61 from $66,negative
Why Alphabet Inc was just upgraded to buy https://t.co/dEVnLKhqtZ $GOOGL,positive
@NASDboy I think the DNF crew can get this $NFLX short into the next 30 days heading into earnings,negative
Added more $BBBY @jimcramer is wrong about this one. Still a very profitable merchant with profitable stores,positive
Added long at friday close  $SPY $LABU $BLUE $AMZN,positive
"Isolationism? Another Sell Rating, Sell Ratings On SPY, QQQ, IWM And Several Companies https://t.co/j35FNnx744 $AAPL #APPLE $AXP $BAC",negative
long $SDLP $CPGX $TWTR $BITA $LABU $FB $TSLA $ETE $SDRL  Autocharts @ https://t.co/nxLx1ES7nY,positive
Costco: A Premier Retail Dividend Play https://t.co/J3UhTs022M $COST,positive
Pivotal Research upgrading $GOOGL to buy.  https://t.co/LSahepdqhD    #stocktrading,positive
Most bullish stocks on Twitter during this dip. $YHOO $GDX $GOOGL $STZ $GOLD $EW $VZ $CELG $SBUX $SCTY more: https://t.co/iuZJelfwt3,positive
$TSLA <STUDY the CHARTS> Pullback_Time https://t.co/ZMDG0fb3I7,negative
#Tesla Model S deliveries are up 35% in Germany - record deliveries in March [Chart] https://t.co/yCnClcBImV  $TSLA,positive
"Last month we added to our $GILD position and started a new one in $BWLD We see slow, steady, unspectacular growth going forward near term",positive
"$TSLA lots of green on the 5 min, watch the hourly $259.33 possible resistance currently @ $257.00",positive
$AMGN And #UCB Announce Positive Top-Line Results From Ph3 Study Evaluating Romosozumab In Men... https://t.co/4hBoUDR8B8 via @YahooFinance,positive
Sold some $TSLA Puts this morning Closed them at the close. Helps pay for monthly expenses,negative
Windows 10 is awful why did it force an upgrade on my pc without my consent? #windows #Microsoft $msft,negative
$EXPE working on the second leg of its reversal run as it breaks another down trend and continues higher. https://t.co/76DSJysyR0,positive
"$ENDP exit reversal .11 X 3K shares = $330 - now Long - not getting follow through, either side of price action",positive
$CTRP not a bad long chart now that it's through sma100 resistance.,positive
$ENDP Was looking for a long entry but today's price action wasn't appealing,positive
"$INTC & $AAPL strong, tech leads DOW higher",positive
$CTRP breaking out https://t.co/Z2je3rTKch,positive
$CSX another strong rail today after breaking intraday resistance at 1$9.80 https://t.co/eA4FBVuqGP,positive
loading $SPY and $AAPL puts. think were toppy IMHO.,negative
bot $AMZN 600 weekly calls here @ 5.93,positive
$FB watching for bounce tomorrow,positive
#Fintech provider $CAFN Cachet Financial Solutions Surging Forward today post earnings Up +13.26% https://t.co/9BJ3csk2i9 $JKHY $FISV #Momo,positive
"Really surprised by how much $FB has now fallen. Thought there'd be some support around the 50d, but I guess not.",negative
$tsla bad day to short,positive
"$TSLA TO RECALL 2,700 MODEL X SUVS FOR SEAT-BELT FIX",negative
5 Best Analyst Rated Stocks in Last 72hrs: $ORCL $AAPL $CBS $INO $CPXX View all ratings here: https://t.co/IRID6zd5gc,positive
Bought some more $CELG as it is ready for a bounce.,positive
Analysts impressed with progress at Tesla's flagship factory; co spent $1.6B on upgrades in '15 https://t.co/SABxCSn8cd by @tsrandall $TSLA,positive
"$CELG back near 104, where it opened and rallied higher last wk. A good place to take a shot https://t.co/zwHThSvFSF",positive
$AMZN new HOD with conviction keeping $570 on watch for Resistance.,positive
$FB  rejecting HIGHS shortable...at 109,negative
"$CSX is up today to report.  Wall Street is expecting EPS to be at $0.37, and revenues at $2,732B.",positive
$FB turns back down in early trading.... https://t.co/reuf5PzhBm,negative
Followed the levels I shared with you on $NFLX $GOOGL $TSLA calls for nice gains. Still holding $FB 110 calls. Week made in a morning.,positive
"$FAST $GWW - daily sales slowing again, pretty timely coincident indicator https://t.co/m6BKHBkzK5",negative
"Tesla Motors recalls 2,700 Model X SUVs $TSLA https://t.co/xDGrAExkKz",negative
"SiriusXM added 465,000 net new subscribers in the first quarter of 2016 $SIRI #CEO #sales #marketresearch #tech #entrepreneur #Speaker",positive
5-star analyst @brianwieser from Pivotal Research upgraded rating on $GOOGL to BUY. Brian has a 79% success rate https://t.co/t0dn02EOH5,positive
Long $ENDP @ $26.23 on $AGN b/o rumor,positive
"You know that back seat? Don't sit in it. - $TSLA -> Tesla recalls 2,700 Model X cars https://t.co/7J0Gwz89ZC",negative
This $BBBY stock options trade would have more than doubled your money https://t.co/Oa0loiRIJL via @TheStreet,positive
X marks the recall: Tesla recalls #ModelX for faulty 3rd row seat. https://t.co/HSqdoVry07 $TSLA https://t.co/4Cs3CNZEBB,negative
$STX move off the bottom but still in bear market #datasecurity $EMC $SNDK $WDC https://t.co/VkYdWPxeSN,negative
$VRTX early technical BUY signal... for confirmation > 86 it needs some fundam. incentive https://t.co/QuYSrqFo2x,positive
$FB (110.20) is starting to show some relative strength and signs of potential B/O on the daily.,positive
"@CGrantWSJ I think this $TSLA bubble might go on for some time. So long as ppl love the cars, they might keep getting funding.",positive
$SBUX heading for the 200DMA and certain doom if it can not hold there.,negative
$AMZN long into earnings. looks good over 600,positive
$GOOGL is a short below 740 into the upper BB and is overbought,negative
Timberrrr $TSLA https://t.co/MRBgfDHHVa,negative
Interest Heats Up for @Yahoo $YHOO - The Wall Street Journal  https://t.co/j5jVjI9bia,positive
"Tesla Recalling 2,700 Model X Units, Related to Faulty Latch for Third-Row Seats; Fall To $252.50 Level on Recall, Shares Up 1%  $TSLA",negative
Commented on It's Time To Embrace Dividend Growth https://t.co/wc2qfP79TN $ABBV $CSCO $WYN,positive
Word on the street is that Allergen is looking at Endo International after the failed Pfizer merger. May-20 $35 calls active. $ENDP,positive
$SBUX inverted head & shoulders pattern in the works. bullish.,positive
I see a 20 percent upside in $FB shares from here,positive
long $AAPL,positive
$FB popping up to HOD,positive
$TSLA yeah lets go down to 230s lol,negative
#NDX component Tesla has announced it is recalling 2700 Model X SUVs. $TSLA,negative
$YHOO making new HOD,positive
"Daily Mail owner considering Yahoo bid $yhoo ,up 2,05% https://t.co/extZr1riyP",positive
$PCLN Back to Back intraday reversals look out below. Shorts moving in!,negative
$PYPL great vol flow trade here.. Love this company long time.,positive
$ISRG PT raised to $700 from $640 at Leerink - keeps Outperform rated,positive
Long $TSLA short $MBLY https://t.co/jSpUSzo6na,positive
"$TSLA recalls 2,700 Model X cars. Stock dropping hard...",negative
$AAPL - Has broken its downtrend - but 200DMA proving to be stiff resistance short term. https://t.co/VlzlgvIHZV,positive
"potential defect with third-row seat belts. Tesla Motors recalls 2,700 Model X SUVs $TSLA https://t.co/YVYDncdNdi",negative
Netflix Grows Efforts To Create Loyal Customers $NFLX https://t.co/5QXBkoBphe,positive
"Tesla Motors recalls 2,700 Model X SUVs $TSLA https://t.co/F55dx4aegI",negative
$FB $AAPL $NKE $JWN bearish charts keep getting worse.,negative
"Apple expected to launch new iPhone, iPad today $AAPL https://t.co/XfnICWeBeG",positive
$TSLA stock gaining steam... Plus other notable moves from this week: https://t.co/Hz0wdp5za1,positive
$GILD  is expanding its research facilities...keeping up with the pace of innovation  https://t.co/uOE7FJ4LOP,positive
"$ENDP - we saw a large order in this one last week, someone also accumulating May & Jun 35's Calls today",positive
TripAdvisor jumps on M&A rumors https://t.co/O4lwCDXMbr $TRIP,positive
Seat belt recall? who cares....  I'm a buyer $TSLA,positive
$FB gettin in the buy zone soon ;),positive
Starbucks downgraded on same day as new downgraded rewards program starts  $SBUX,negative
"$ADBE technical alerts: Expansion Breakout, Gilligan's Island Sell Setup, Volume Surge, and New 52... https://t.co/LxX66tknFH",positive
"$AAPL a new long IF 110.61 is broken. Targets are 112.19, 119.86 & 123.82. Bears must retake 102.77. $QQQ $NQ_F $NDX https://t.co/6l3m1wXChw",positive
Thank you $GOOG (Google Alphabet) and $FB (Facebook) stocks! What a nice reversal.,positive
"Tesla Motors recalls 2,700 Model X SUVs https://t.co/BFWS3DbM0U $TSLA",negative
"$AAPL bounces off support, it seems",positive
Deutsche Bank downgrades Starbucks because of new loyalty program https://t.co/Iy4LCUGABc $SBUX,negative
$GOOGL gets an upgrade price target $970,positive
NetApp downgraded by Macquarie to underperform. $22.00 PT. https://t.co/XCNgws0t4q $NTAP #NTAP via @RatingsNetwork,negative
"Tesla is recalling 2,700 Model X cars: https://t.co/8Z7BkVsTl9 $TSLA",negative
$fb small long 109.25 via calls,positive
Commodity Channel Index Indicator signaled a Oversold for $FB #stockmarket https://t.co/VM32d3M9xi https://t.co/cvkojk05Xn,positive
"Isolationism? Another Sell Rating, Sell Ratings On SPY, QQQ, IWM And Several Companies https://t.co/6NKWEcrBA5 $AAPL $AXP $BAC $BLUE $FXE",negative
ALERT: New RSI signal created on $COST - Buy at 148.78 - Time: 14:19 - Strength: 10. Powered by https://t.co/MhOBzU3Rmx,positive
$SAP Q1 disappoints as #software licenses down. Real problem? #Cloud growth trails $MSFT $ORCL $GOOG $CRM $ADBE https://t.co/jNDphllzq5,negative
$FB gone green on day,positive
"$AMZN rejected that 604 to the penny. Weak open and it goes r/g within first 30 mins, could have 8-10 points in it. https://t.co/58tEAEXxpE",negative
$GOOGL is setting up above its 50-day moving average. https://t.co/tTm9RnFoXJ,positive
$FB still a dog going much lower this week,negative
Academics claim Google Android two-factor authentication is breakable. #security #authentication #hacking $goog https://t.co/nJx4mnrGLo,negative
ALERT: New MACD signal created on $CTXS - Buy at 77.09 - Time: 18:23 - Strength: 10. Powered by https://t.co/4TdgjEDLLZ,positive
$BAC $ADSK $NFLX long this morning,positive
Locked in some $FB puts for nice gain,negative
3rd red day in a row ? $TSLA,negative
Just went long $ILMN,positive
#Apple up almost 20% from its February lows with very little fanfare. $AAPL,positive
$DISH weakness continues again. 49.43 area resistance after last week,negative
$AAPL iPhone shipments on track to exceed forecasts - MarketWatch https://t.co/2CXahJIX7d,positive
$COST short finally making gains. I will take half my gains at 147,negative
Why $TWTR is doomed in 1 chart $FB $GOOG  https://t.co/MpyLiReQjh https://t.co/nlcZawDoHP,negative
Apple Inc.: The Rip-Roaring Rally Is Just Beginning! (AAPL) | InvestorPlace $AAPL https://t.co/jrcFC8XlY9,positive
"Upside moves in the volatile #mining sector, sending Anglo American PLC $AAL up 6.8% as of 4:30 PM, London time",positive
"Tesla: Voluntary recall of 2,700 Model X vehicles, due to back seat issue. $TSLA https://t.co/NPAkc3U6GS",negative
@scottrade Why is $tsla not available for shorting at this time?  Same for $w?,negative
Deutsche Bank Downgraded Starbucks Co. $SBUX https://t.co/QqlEvVwPMV https://t.co/f2PdQjuTHa,negative
Coke dividend - 3%. Google dividend - 0%. For passive income Coke takes it. $GOOG $KO https://t.co/QBsoWjxOST,negative
Juniper tumbles on Q1 warning; Cisco also lower https://t.co/N8X8BpLJ1E $JNPR $CSCO,negative
Looking for a strong bounce $SPY -- Lunchtime rally coming. $DIA $IWM $QQQ $AA $FB,positive
"DJI overbought: $AAPL, $AXP, $BA, $CVX, $IBM, $INTC, $VZ https://t.co/wMy1PnomJF",negative
"Baird likes $TSLA - upgrades to outperform, lifts price target to $300. Research firm also sees no capital raise necessary in next few qtrs",positive
$tsla X recall not a big deal... the problem is now they will have an excuse to guide way way lower...,positive
$TSLA not dipping - testing the 200 day ma https://t.co/jEPLmZQKGW,positive
"On #FEDDAY looking for a sharp move up in equities $AAPL $HD $LOW $FB seeing $UVXY $TVIX getting hammered, even though market is down.",positive
$JD down 20% in after-hour market. anyone care to explain why?,negative
Look at that $AMZN > 600,positive
Yahoo stock is up to $36.46 as the bidding war picks up for the company https://t.co/JDNZXDCMkl $YHOO https://t.co/HmOegfHgvn,positive
Starbucks shares down as much as ~4.2% $SBUX https://t.co/JlgrprR54k,negative
$AAPL Beat the estimates. Will still go down on lack of new products. https://t.co/sX3z7u6N8o,negative
long $AAPL 107 calls @ .40,positive
"Facebook, near a buy point last week, faces a different technical test today https://t.co/c72LLMpiNM $FB $AAPL $NFLX https://t.co/fPFbYTYPuY",positive
"$SBUX down PM, from $DB downgrade.. PT cut from 70 to $64",negative
$EBAY  e-bay bay!  working on a couple daily dojis .. should continue to the downside  https://t.co/lgU0yBxEZe,negative
Breaking 52 week highs timing looks great now $AHS $BABY $POST $IGE $IRDM $EWBC $PHYS $ULTA $VNET $BIV https://t.co/11K8JzuzMU,positive
$TSLA recalling pretty much every single model X @cnnbrk got to short that even at work you jump in money trade,negative
$aapl high of day just hit. Back at it tomorrow.,positive
ouch looks like $tsla shorts getting skinned again,positive
"Qualcomm: 10% Dividend Increase Rewards Patient Investors, The Future Looks Bright https://t.co/TJjVpqhHqD $QCOM",positive
Facebook $FB received a Buy rating from Wells Fargo 5-star Analyst Peter Stabler (Wells Fargo) https://t.co/jnB4c9vdCu,positive
$TSLA Wish had my puts back but see if we can find support around 243.39 and pop up so that I can get back in. https://t.co/hFkLq3WObV,negative
Citrix Systems Inc $CTXS Position Increased by Mizuhoâ€¦ https://t.co/v7Lkq08Flp @ShareStockNews,positive
"Notable gainers among liquid option names this morning include $STX (+7.0%), $NEM (+4.6%), $WDC (+4.2%), $X (+4.1%), and $GME (+3.4%),",positive
Is #Facebook's user engagement falling? https://t.co/tqMMt7N16X $FB https://t.co/sedqRWgdkt,negative
